filename,status,objective,gap,work_units,runtime_seconds,initial_gap,simplex_iters,nodes
hardness_halfcap_sorted_n2000_B100_classes3_seed2042_nonconvex2_presolve-1_symmetry1.out,,,11.1901%,8303.72,2172.36,33.3%,4005522,1
hardness_halfcap_sorted_n2000_B100_classes3_seed2042_nonconvex2_presolve-1_symmetry2.out,,,11.1901%,8303.72,2172.55,33.3%,4005522,1
hardness_halfcap_sorted_n2000_B100_classes3_seed2042_nonconvex2_presolve-1_symmetry-1.out,Optimal solution found,1.000000000000e+03,0.0000%,437.19,234.79,33.3%,4016155,1
hardness_halfcap_sorted_n2000_B100_classes3_seed2042_nonconvex2_presolve0_symmetry0.out,Optimal solution found,1.000000000000e+03,0.0000%,810.93,416.44,33.3%,190748,1
hardness_halfcap_sorted_n2000_B100_classes3_seed2042__thousand_vars_few_perms_only_ys__seed9577.out,Optimal solution found,1.000000000000e+03,0.0000%,297.23,154.44,1.58%,125677,1
hardness_halfcap_sorted_n2000_B100_classes3_seed2042__few_vars_few_perms_pure_linear_x_and_y__seed5219.out,Optimal solution found,1.000000000000e+03,0.0000%,925.07,463.65,33.3%,176860,1
hardness_halfcap_sorted_n2000_B100_classes3_seed2042__few_vars_many_perms_pure_linear_x_and_y__seed2319.out,Optimal solution found,1.000000000000e+03,0.0000%,204.46,110.60,32.9%,117350,1
hardness_halfcap_sorted_n2000_B100_classes3_seed2042__few_vars_few_perms_pure_linear_only_y__seed6004.out,Optimal solution found,1.000000000000e+03,0.0000%,228.40,119.30,33.1%,142568,1
hardness_halfcap_sorted_n2000_B100_classes3_seed2042__many_vars_few_perms_pure_linear_only_x__seed8030.out,Optimal solution found,1.000000000000e+03,0.0000%,751.32,409.31,33.3%,872266,107
hardness_halfcap_sorted_n2000_B100_classes3_seed2042__many_vars_few_perms_separate__seed5159.out,Optimal solution found,1.000000000000e+03,0.0000%,6.44,5.96,0.00%,0,1
hardness_halfcap_sorted_n2000_B100_classes3_seed2042__few_vars_few_perms_only_ys__seed5397.out,Optimal solution found,1.000000000000e+03,0.0000%,5.29,5.35,0.00%,0,1
hardness_halfcap_sorted_n2000_B100_classes3_seed2042__many_vars_few_perms_linear_x__seed1343.out,Optimal solution found,1.000000000000e+03,0.0000%,98.88,69.15,1.39%,98926,1
hardness_halfcap_sorted_n2000_B100_classes3_seed2042__few_vars_few_perms_pure_linear_x_and_y__seed1678.out,Optimal solution found,1.000000000000e+03,0.0000%,970.08,463.75,33.3%,1870722,1
hardness_halfcap_sorted_n2000_B100_classes3_seed2042__few_vars_few_perms_pure_linear_only_x__seed3239.out,Optimal solution found,1.000000000000e+03,0.0000%,674.71,335.23,33.3%,126083,1
hardness_halfcap_sorted_n2000_B100_classes3_seed2042__few_vars_many_perms_only_xs__seed9065.out,Optimal solution found,1.000000000000e+03,0.0000%,6.36,5.77,0.00%,0,1
hardness_halfcap_sorted_n2000_B100_classes3_seed2042__thousand_vars_few_perms_pure_linear_x_and_y__seed7116.out,Optimal solution found,1.000000000000e+03,0.0000%,1252.49,670.53,31.1%,4833249,837
hardness_halfcap_sorted_n2000_B100_classes3_seed2042__few_vars_few_perms_only_ys__seed5619.out,Optimal solution found,1.000000000000e+03,0.0000%,5.29,5.41,0.00%,0,1
hardness_halfcap_sorted_n2000_B100_classes3_seed2042__many_vars_few_perms_linear_x__seed6606.out,Optimal solution found,1.000000000000e+03,0.0000%,139.55,82.48,1.39%,102684,1
hardness_halfcap_sorted_n2000_B100_classes3_seed2042__few_vars_few_perms_pure_linear_only_x__seed6816.out,Optimal solution found,1.000000000000e+03,0.0000%,1007.33,532.01,33.3%,823777,23
hardness_halfcap_sorted_n2000_B100_classes3_seed2042__thousand_vars_few_perms_separate__seed6751.out,Optimal solution found,1.000000000000e+03,0.0000%,9.75,7.53,0.00%,0,1
hardness_halfcap_sorted_n2000_B100_classes3_seed2042__many_vars_few_perms_linear_y__seed5249.out,Optimal solution found,1.000000000000e+03,0.0000%,169.62,91.25,1.19%,148222,1
hardness_halfcap_sorted_n2000_B100_classes3_seed2042__few_vars_many_perms_linear_x__seed8254.out,Optimal solution found,1.000000000000e+03,0.0000%,85.73,45.93,0.31%,135199,1
hardness_halfcap_sorted_n2000_B100_classes3_seed2042__few_vars_many_perms_only_xs__seed1029.out,Optimal solution found,1.000000000000e+03,0.0000%,6.35,5.75,0.00%,0,1
hardness_halfcap_sorted_n2000_B100_classes3_seed2042__few_vars_few_perms_pure_linear_x_and_y__seed6705.out,Optimal solution found,1.000000000000e+03,0.0000%,695.33,315.99,33.3%,150243,1
hardness_halfcap_sorted_n2000_B100_classes3_seed2042__many_vars_few_perms_pure_linear_x_and_y__seed7353.out,Optimal solution found,1.000000000000e+03,0.0000%,246.83,118.89,33.2%,127159,1
hardness_halfcap_sorted_n2000_B100_classes3_seed2042__few_vars_many_perms_pure_linear_only_x__seed9123.out,Optimal solution found,1.000000000000e+03,0.0000%,215.29,118.26,33.3%,111591,1
hardness_halfcap_sorted_n2000_B100_classes3_seed2042__few_vars_many_perms_pure_linear_only_y__seed9878.out,Optimal solution found,1.000000000000e+03,0.0000%,1324.86,679.14,33.0%,1045422,27
hardness_halfcap_sorted_n2000_B100_classes3_seed2042__many_vars_few_perms_pure_linear_only_x__seed9649.out,Optimal solution found,1.000000000000e+03,0.0000%,1006.91,569.94,33.3%,2150600,1062
hardness_halfcap_sorted_n2000_B100_classes3_seed2042__few_vars_few_perms_linear_y__seed3619.out,Optimal solution found,1.000000000000e+03,0.0000%,7.64,6.34,0.00%,0,1
hardness_halfcap_sorted_n2000_B100_classes3_seed2042__few_vars_few_perms_linear_x__seed1564.out,Optimal solution found,1.000000000000e+03,0.0000%,128.08,73.70,0.11%,132721,1
hardness_halfcap_sorted_n2000_B100_classes3_seed2042__few_vars_few_perms_only_xs__seed1874.out,Optimal solution found,1.000000000000e+03,0.0000%,7.54,6.10,0.00%,0,1
hardness_halfcap_sorted_n2000_B100_classes3_seed2042__many_vars_few_perms_only_xs__seed7967.out,Optimal solution found,1.000000000000e+03,0.0000%,7.67,6.31,0.00%,0,1
hardness_halfcap_sorted_n2000_B100_classes3_seed2042__few_vars_few_perms_mixed__seed7376.out,Optimal solution found,1.000000000000e+03,0.0000%,7.17,6.27,0.00%,0,1
hardness_halfcap_sorted_n2000_B100_classes3_seed2042__few_vars_few_perms_mixed__seed9561.out,Optimal solution found,1.000000000000e+03,0.0000%,6.52,5.90,0.00%,0,1
hardness_halfcap_sorted_n2000_B100_classes3_seed2042__thousand_vars_few_perms_pure_linear_only_y__seed8977.out,Optimal solution found,1.000000000000e+03,0.0000%,954.54,504.87,32.0%,930465,25
hardness_halfcap_sorted_n2000_B100_classes3_seed2042__thousand_vars_few_perms_pure_linear_only_y__seed4195.out,Optimal solution found,1.000000000000e+03,0.0000%,1255.97,636.23,31.5%,833064,26
hardness_halfcap_sorted_n2000_B100_classes3_seed2042__many_vars_few_perms_pure_linear_only_y__seed9914.out,Optimal solution found,1.000000000000e+03,0.0000%,1067.31,582.34,31.7%,682011,23
hardness_halfcap_sorted_n2000_B100_classes3_seed2042__thousand_vars_few_perms_mixed__seed3208.out,Optimal solution found,1.000000000000e+03,0.0000%,21.14,12.75,0.00%,90042,1
hardness_halfcap_sorted_n2000_B100_classes3_seed2042__few_vars_many_perms_only_ys__seed2296.out,Optimal solution found,1.000000000000e+03,0.0000%,5.29,5.50,0.00%,0,1
hardness_halfcap_sorted_n2000_B100_classes3_seed2042__many_vars_few_perms_pure_linear_x_and_y__seed3903.out,Optimal solution found,1.000000000000e+03,0.0000%,1142.31,573.14,33.0%,1420102,387
hardness_halfcap_sorted_n2000_B100_classes3_seed2042__many_vars_few_perms_only_xs__seed8937.out,Optimal solution found,1.000000000000e+03,0.0000%,6.46,5.86,0.00%,0,1
hardness_halfcap_sorted_n2000_B100_classes3_seed2042__many_vars_few_perms_mixed__seed6385.out,Optimal solution found,1.000000000000e+03,0.0000%,6.53,6.06,0.00%,0,1
hardness_halfcap_sorted_n2000_B100_classes3_seed2042__thousand_vars_few_perms_only_xs__seed9773.out,Optimal solution found,1.000000000000e+03,0.0000%,8.90,6.95,0.00%,0,1
hardness_halfcap_sorted_n2000_B100_classes3_seed2042__few_vars_many_perms_only_xs__seed4973.out,Optimal solution found,1.000000000000e+03,0.0000%,6.35,5.68,0.00%,0,1
hardness_halfcap_sorted_n2000_B100_classes3_seed2042__few_vars_many_perms_pure_linear_only_y__seed4742.out,Optimal solution found,1.000000000000e+03,0.0000%,966.40,440.54,33.0%,1435553,1
hardness_halfcap_sorted_n2000_B100_classes3_seed2042__many_vars_few_perms_pure_linear_only_y__seed1811.out,Optimal solution found,1.000000000000e+03,0.0000%,972.25,522.54,31.0%,1886303,530
hardness_halfcap_sorted_n2000_B100_classes3_seed2042__many_vars_few_perms_linear_y__seed2525.out,Optimal solution found,1.000000000000e+03,0.0000%,134.13,86.32,0.80%,100132,1
hardness_halfcap_sorted_n2000_B100_classes3_seed2042__few_vars_many_perms_mixed__seed7460.out,Optimal solution found,1.000000000000e+03,0.0000%,8.41,6.61,0.00%,0,1
hardness_halfcap_sorted_n2000_B100_classes3_seed2042__thousand_vars_few_perms_separate__seed2859.out,Optimal solution found,1.000000000000e+03,0.0000%,112.13,62.41,0.11%,4014451,1
hardness_halfcap_sorted_n2000_B100_classes3_seed2042__many_vars_few_perms_mixed__seed8592.out,Optimal solution found,1.000000000000e+03,0.0000%,8.74,6.74,0.00%,0,1
hardness_halfcap_sorted_n2000_B100_classes3_seed2042__few_vars_many_perms_pure_linear_only_y__seed2082.out,Optimal solution found,1.000000000000e+03,0.0000%,754.17,342.83,33.0%,1347998,1
hardness_halfcap_sorted_n2000_B100_classes3_seed2042__thousand_vars_few_perms_pure_linear_only_x__seed4983.out,Optimal solution found,1.000000000000e+03,0.0000%,1006.79,541.52,33.3%,873598,27
hardness_halfcap_sorted_n2000_B100_classes3_seed2042__few_vars_few_perms_only_ys__seed7357.out,Optimal solution found,1.000000000000e+03,0.0000%,6.38,5.70,0.00%,0,1
hardness_halfcap_sorted_n2000_B100_classes3_seed2042__few_vars_many_perms_pure_linear_only_y__seed3439.out,Optimal solution found,1.000000000000e+03,0.0000%,239.22,120.87,33.0%,149146,1
hardness_halfcap_sorted_n2000_B100_classes3_seed2042__thousand_vars_few_perms_only_ys__seed2632.out,Optimal solution found,1.000000000000e+03,0.0000%,272.85,153.34,4.41%,105646,1
hardness_halfcap_sorted_n2000_B100_classes3_seed2042__few_vars_many_perms_linear_y__seed2002.out,Optimal solution found,1.000000000000e+03,0.0000%,163.96,94.45,0.51%,106914,1
hardness_halfcap_sorted_n2000_B100_classes3_seed2042__few_vars_many_perms_only_ys__seed5927.out,Optimal solution found,1.000000000000e+03,0.0000%,5.29,5.51,0.00%,0,1
hardness_halfcap_sorted_n2000_B100_classes3_seed2042__few_vars_few_perms_linear_y__seed6189.out,Optimal solution found,1.000000000000e+03,0.0000%,213.14,118.17,0.21%,116958,1
hardness_halfcap_sorted_n2000_B100_classes3_seed2042__few_vars_few_perms_only_xs__seed3492.out,Optimal solution found,1.000000000000e+03,0.0000%,7.60,6.19,0.00%,0,1
hardness_halfcap_sorted_n2000_B100_classes3_seed2042__few_vars_many_perms_only_ys__seed2293.out,Optimal solution found,1.000000000000e+03,0.0000%,5.29,5.42,0.00%,0,1
hardness_halfcap_sorted_n2000_B100_classes3_seed2042__few_vars_few_perms_linear_y__seed2113.out,Optimal solution found,1.000000000000e+03,0.0000%,7.83,6.38,0.00%,0,1
hardness_halfcap_sorted_n2000_B100_classes3_seed2042__few_vars_few_perms_pure_linear_only_x__seed2492.out,Optimal solution found,1.000000000000e+03,0.0000%,1238.82,620.96,33.3%,1371978,605
hardness_halfcap_sorted_n2000_B100_classes3_seed2042__few_vars_few_perms_pure_linear_only_y__seed3755.out,Optimal solution found,1.000000000000e+03,0.0000%,667.05,326.24,33.3%,162639,1
hardness_halfcap_sorted_n2000_B100_classes3_seed2042__thousand_vars_few_perms_pure_linear_x_and_y__seed7448.out,Optimal solution found,1.000000000000e+03,0.0000%,637.03,365.75,30.8%,1232006,70
hardness_halfcap_sorted_n2000_B100_classes3_seed2042__many_vars_few_perms_pure_linear_only_x__seed9467.out,Optimal solution found,1.000000000000e+03,0.0000%,925.87,515.37,33.3%,705613,30
hardness_halfcap_sorted_n2000_B100_classes3_seed2042__few_vars_few_perms_only_xs__seed4713.out,Optimal solution found,1.000000000000e+03,0.0000%,7.54,6.20,0.00%,0,1
hardness_halfcap_sorted_n2000_B100_classes3_seed2042__few_vars_few_perms_pure_linear_only_y__seed1744.out,,,0.2991%,1882.90,1229.12,33.3%,250469,13
hardness_halfcap_sorted_n2000_B100_classes3_seed2042__few_vars_few_perms_linear_x__seed9672.out,Optimal solution found,1.000000000000e+03,0.0000%,128.98,67.11,0.11%,142301,1
hardness_halfcap_sorted_n2000_B100_classes3_seed2042__many_vars_few_perms_pure_linear_only_x__seed5739.out,Optimal solution found,1.000000000000e+03,0.0000%,858.06,446.69,33.3%,615079,106
hardness_halfcap_sorted_n2000_B100_classes3_seed2042__few_vars_few_perms_linear_y__seed5522.out,Optimal solution found,1.000000000000e+03,0.0000%,198.99,107.07,0.11%,140037,1
hardness_halfcap_sorted_n2000_B100_classes3_seed2042__many_vars_few_perms_only_xs__seed5386.out,Optimal solution found,1.000000000000e+03,0.0000%,7.69,6.40,0.00%,0,1
hardness_halfcap_sorted_n2000_B100_classes3_seed2042__thousand_vars_few_perms_pure_linear_only_y__seed3952.out,Optimal solution found,1.000000000000e+03,0.0000%,1315.02,667.00,31.5%,1557995,307
hardness_halfcap_sorted_n2000_B100_classes3_seed2042__thousand_vars_few_perms_mixed__seed2098.out,Optimal solution found,1.000000000000e+03,0.0000%,204.82,105.78,0.70%,101614,1
hardness_halfcap_sorted_n2000_B100_classes3_seed2042__thousand_vars_few_perms_only_xs__seed6243.out,Optimal solution found,1.000000000000e+03,0.0000%,22.77,13.70,0.00%,82818,1
hardness_halfcap_sorted_n2000_B100_classes3_seed2042__thousand_vars_few_perms_separate__seed1364.out,Optimal solution found,1.000000000000e+03,0.0000%,334.52,168.13,3.48%,111880,1
hardness_halfcap_sorted_n2000_B100_classes3_seed2042__thousand_vars_few_perms_pure_linear_only_y__seed1174.out,Optimal solution found,1.000000000000e+03,0.0000%,1682.91,864.63,31.7%,1678507,924
hardness_halfcap_sorted_n2000_B100_classes3_seed2042__few_vars_few_perms_separate__seed5590.out,Optimal solution found,1.000000000000e+03,0.0000%,7.64,6.25,0.00%,0,1
hardness_halfcap_sorted_n2000_B100_classes3_seed2042__few_vars_many_perms_linear_y__seed4470.out,Optimal solution found,1.000000000000e+03,0.0000%,166.85,91.97,0.60%,143418,1
hardness_halfcap_sorted_n2000_B100_classes3_seed2042__many_vars_few_perms_pure_linear_x_and_y__seed1336.out,Optimal solution found,1.000000000000e+03,0.0000%,1024.20,535.78,33.2%,575590,53
hardness_halfcap_sorted_n2000_B100_classes3_seed2042__many_vars_few_perms_pure_linear_x_and_y__seed8306.out,Optimal solution found,1.000000000000e+03,0.0000%,846.65,453.18,33.2%,659877,25
hardness_halfcap_sorted_n2000_B100_classes3_seed2042__thousand_vars_few_perms_linear_y__seed2540.out,Optimal solution found,1.000000000000e+03,0.0000%,17.37,11.41,0.00%,92208,1
hardness_halfcap_sorted_n2000_B100_classes3_seed2042__few_vars_few_perms_separate__seed5619.out,Optimal solution found,1.000000000000e+03,0.0000%,7.54,6.08,0.00%,0,1
hardness_halfcap_sorted_n2000_B100_classes3_seed2042__few_vars_few_perms_linear_y__seed6405.out,Optimal solution found,1.000000000000e+03,0.0000%,109.89,62.31,0.11%,106620,1
hardness_halfcap_sorted_n2000_B100_classes3_seed2042__many_vars_few_perms_linear_x__seed7078.out,Optimal solution found,1.000000000000e+03,0.0000%,111.64,68.97,1.00%,101375,1
hardness_halfcap_sorted_n2000_B100_classes3_seed2042__few_vars_many_perms_separate__seed1354.out,Optimal solution found,1.000000000000e+03,0.0000%,6.36,5.81,0.00%,0,1
hardness_halfcap_sorted_n2000_B100_classes3_seed2042__few_vars_many_perms_separate__seed5126.out,Optimal solution found,1.000000000000e+03,0.0000%,6.36,5.80,0.00%,0,1
hardness_halfcap_sorted_n2000_B100_classes3_seed2042__few_vars_many_perms_pure_linear_only_x__seed2313.out,Optimal solution found,1.000000000000e+03,0.0000%,247.42,128.75,33.3%,106505,1
hardness_halfcap_sorted_n2000_B100_classes3_seed2042__many_vars_few_perms_pure_linear_only_y__seed6956.out,Optimal solution found,1.000000000000e+03,0.0000%,1443.44,744.85,30.7%,1440203,119
hardness_halfcap_sorted_n2000_B100_classes3_seed2042__few_vars_few_perms_separate__seed2956.out,Optimal solution found,1.000000000000e+03,0.0000%,7.64,6.20,0.00%,0,1
hardness_halfcap_sorted_n2000_B100_classes3_seed2042__thousand_vars_few_perms_pure_linear_x_and_y__seed6147.out,Optimal solution found,1.000000000000e+03,0.0000%,972.47,547.65,30.8%,1380834,28
hardness_halfcap_sorted_n2000_B100_classes3_seed2042__few_vars_many_perms_separate__seed4166.out,Optimal solution found,1.000000000000e+03,0.0000%,6.35,5.75,0.00%,0,1
hardness_halfcap_sorted_n2000_B100_classes3_seed2042__few_vars_few_perms_pure_linear_only_y__seed1551.out,Optimal solution found,1.000000000000e+03,0.0000%,1366.85,704.10,33.2%,1521038,103
hardness_halfcap_sorted_n2000_B100_classes3_seed2042__few_vars_many_perms_pure_linear_x_and_y__seed2651.out,Optimal solution found,1.000000000000e+03,0.0000%,1483.43,726.91,33.1%,745616,613
hardness_halfcap_sorted_n2000_B100_classes3_seed2042__many_vars_few_perms_pure_linear_x_and_y__seed8717.out,Optimal solution found,1.000000000000e+03,0.0000%,1107.83,567.59,33.2%,1306126,307
hardness_halfcap_sorted_n2000_B100_classes3_seed2042__few_vars_few_perms_linear_x__seed4642.out,Optimal solution found,1.000000000000e+03,0.0000%,6.38,5.82,0.00%,0,1
hardness_halfcap_sorted_n2000_B100_classes3_seed2042__few_vars_many_perms_pure_linear_x_and_y__seed6493.out,Optimal solution found,1.000000000000e+03,0.0000%,1220.05,637.82,33.1%,1869852,98
hardness_halfcap_sorted_n2000_B100_classes3_seed2042__few_vars_few_perms_pure_linear_x_and_y__seed1593.out,Optimal solution found,1.000000000000e+03,0.0000%,887.51,398.98,33.3%,1428593,1
hardness_halfcap_sorted_n2000_B100_classes3_seed2042__many_vars_few_perms_linear_x__seed9437.out,Optimal solution found,1.000000000000e+03,0.0000%,56.93,40.94,1.29%,94484,1
hardness_halfcap_sorted_n2000_B100_classes3_seed2042__few_vars_many_perms_only_ys__seed3300.out,Optimal solution found,1.000000000000e+03,0.0000%,5.29,5.49,0.00%,0,1
hardness_halfcap_sorted_n2000_B100_classes3_seed2042__many_vars_few_perms_pure_linear_x_and_y__seed7721.out,Optimal solution found,1.000000000000e+03,0.0000%,925.91,474.85,33.2%,683431,27
hardness_halfcap_sorted_n2000_B100_classes3_seed2042__few_vars_many_perms_only_ys__seed9605.out,Optimal solution found,1.000000000000e+03,0.0000%,5.29,5.44,0.00%,0,1
hardness_halfcap_sorted_n2000_B100_classes3_seed2042__few_vars_many_perms_pure_linear_only_x__seed5355.out,Optimal solution found,1.000000000000e+03,0.0000%,1162.98,607.98,33.3%,1343621,755
hardness_halfcap_sorted_n2000_B100_classes3_seed2042__few_vars_few_perms_pure_linear_only_y__seed7972.out,Optimal solution found,1.000000000000e+03,0.0000%,958.75,439.70,33.3%,1390329,1
hardness_halfcap_sorted_n2000_B100_classes3_seed2042__many_vars_few_perms_linear_y__seed2815.out,Optimal solution found,1.000000000000e+03,0.0000%,148.39,92.44,0.70%,124639,1
hardness_halfcap_sorted_n2000_B100_classes3_seed2042__few_vars_few_perms_mixed__seed8346.out,Optimal solution found,1.000000000000e+03,0.0000%,6.38,5.78,0.00%,0,1
hardness_halfcap_sorted_n2000_B100_classes3_seed2042__many_vars_few_perms_pure_linear_only_y__seed6461.out,Optimal solution found,1.000000000000e+03,0.0000%,1337.70,706.24,31.0%,1033323,331
hardness_halfcap_sorted_n2000_B100_classes3_seed2042__few_vars_many_perms_pure_linear_only_x__seed1318.out,Optimal solution found,1.000000000000e+03,0.0000%,566.03,281.03,33.3%,175451,1
hardness_halfcap_sorted_n2000_B100_classes3_seed2042__thousand_vars_few_perms_mixed__seed5341.out,Optimal solution found,1.000000000000e+03,0.0000%,18.62,11.92,0.00%,73531,1
hardness_halfcap_sorted_n2000_B100_classes3_seed2042__thousand_vars_few_perms_pure_linear_x_and_y__seed8939.out,Optimal solution found,1.000000000000e+03,0.0000%,1174.67,540.34,30.7%,364547,1
hardness_halfcap_sorted_n2000_B100_classes3_seed2042__thousand_vars_few_perms_pure_linear_only_y__seed3328.out,Optimal solution found,1.000000000000e+03,0.0000%,1442.00,874.50,32.0%,236702,18
hardness_halfcap_sorted_n2000_B100_classes3_seed2042__many_vars_few_perms_pure_linear_only_y__seed9222.out,Optimal solution found,1.000000000000e+03,0.0000%,1675.13,804.90,30.9%,343069,28
hardness_halfcap_sorted_n2000_B100_classes3_seed2042__few_vars_few_perms_linear_y__seed4301.out,Optimal solution found,1.000000000000e+03,0.0000%,158.21,91.09,0.11%,145487,1
hardness_halfcap_sorted_n2000_B100_classes3_seed2042__thousand_vars_few_perms_linear_x__seed7525.out,Optimal solution found,1.000000000000e+03,0.0000%,176.99,105.66,8.52%,187606,1
hardness_halfcap_sorted_n2000_B100_classes3_seed2042__thousand_vars_few_perms_linear_x__seed4992.out,Optimal solution found,1.000000000000e+03,0.0000%,150.91,99.45,4.41%,134479,1
hardness_halfcap_sorted_n2000_B100_classes3_seed2042__thousand_vars_few_perms_pure_linear_x_and_y__seed8695.out,Optimal solution found,1.000000000000e+03,0.0000%,1118.84,621.27,31.1%,806832,27
hardness_halfcap_sorted_n2000_B100_classes3_seed2042__few_vars_few_perms_only_ys__seed7858.out,Optimal solution found,1.000000000000e+03,0.0000%,5.29,5.42,0.00%,0,1
hardness_halfcap_sorted_n2000_B100_classes3_seed2042__few_vars_many_perms_mixed__seed2578.out,Optimal solution found,1.000000000000e+03,0.0000%,6.37,5.73,0.00%,0,1
hardness_halfcap_sorted_n2000_B100_classes3_seed2042__thousand_vars_few_perms_linear_y__seed1172.out,Optimal solution found,1.000000000000e+03,0.0000%,14.17,10.21,0.00%,90643,1
hardness_halfcap_sorted_n2000_B100_classes3_seed2042__thousand_vars_few_perms_linear_y__seed5670.out,Optimal solution found,1.000000000000e+03,0.0000%,14.14,9.92,0.00%,89254,1
hardness_halfcap_sorted_n2000_B100_classes3_seed2042__few_vars_many_perms_mixed__seed4451.out,Optimal solution found,1.000000000000e+03,0.0000%,6.36,5.74,0.00%,0,1
hardness_halfcap_sorted_n2000_B100_classes3_seed2042__few_vars_many_perms_pure_linear_x_and_y__seed4508.out,Optimal solution found,1.000000000000e+03,0.0000%,585.80,291.87,33.0%,166513,1
hardness_halfcap_sorted_n2000_B100_classes3_seed2042__few_vars_few_perms_only_ys__seed9487.out,Optimal solution found,1.000000000000e+03,0.0000%,5.29,5.27,0.00%,0,1
hardness_halfcap_sorted_n2000_B100_classes3_seed2042__thousand_vars_few_perms_pure_linear_only_y__seed8889.out,Optimal solution found,1.000000000000e+03,0.0000%,1037.61,577.53,31.6%,2108781,527
hardness_halfcap_sorted_n2000_B100_classes3_seed2042__many_vars_few_perms_linear_x__seed2978.out,Optimal solution found,1.000000000000e+03,0.0000%,134.64,85.01,2.16%,100538,1
hardness_halfcap_sorted_n2000_B100_classes3_seed2042__thousand_vars_few_perms_linear_y__seed9706.out,Optimal solution found,1.000000000000e+03,0.0000%,8.55,6.81,0.00%,0,1
hardness_halfcap_sorted_n2000_B100_classes3_seed2042__thousand_vars_few_perms_mixed__seed6500.out,Optimal solution found,1.000000000000e+03,0.0000%,17.41,11.40,0.00%,60167,1
hardness_halfcap_sorted_n2000_B100_classes3_seed2042__few_vars_many_perms_pure_linear_x_and_y__seed4654.out,Optimal solution found,1.000000000000e+03,0.0000%,1212.28,631.68,33.0%,926479,1244
hardness_halfcap_sorted_n2000_B100_classes3_seed2042__few_vars_few_perms_only_xs__seed3812.out,Optimal solution found,1.000000000000e+03,0.0000%,7.54,6.15,0.00%,0,1
hardness_halfcap_sorted_n2000_B100_classes3_seed2042__thousand_vars_few_perms_only_xs__seed2877.out,Optimal solution found,1.000000000000e+03,0.0000%,17.10,11.11,0.00%,92761,1
hardness_halfcap_sorted_n2000_B100_classes3_seed2042__few_vars_few_perms_only_xs__seed6572.out,Optimal solution found,1.000000000000e+03,0.0000%,7.54,6.17,0.00%,0,1
hardness_halfcap_sorted_n2000_B100_classes3_seed2042__few_vars_many_perms_pure_linear_only_x__seed8465.out,Optimal solution found,1.000000000000e+03,0.0000%,833.95,448.22,33.3%,771022,26
hardness_halfcap_sorted_n2000_B100_classes3_seed2042__many_vars_few_perms_mixed__seed1489.out,Optimal solution found,1.000000000000e+03,0.0000%,7.97,6.62,0.00%,0,1
hardness_halfcap_sorted_n2000_B100_classes3_seed2042__thousand_vars_few_perms_mixed__seed1483.out,Optimal solution found,1.000000000000e+03,0.0000%,15.54,10.43,0.00%,76422,1
hardness_halfcap_sorted_n2000_B100_classes3_seed2042__many_vars_few_perms_only_xs__seed7859.out,Optimal solution found,1.000000000000e+03,0.0000%,9.59,6.96,0.00%,0,1
hardness_halfcap_sorted_n2000_B100_classes3_seed2042__many_vars_few_perms_only_xs__seed2921.out,Optimal solution found,1.000000000000e+03,0.0000%,6.56,6.30,0.00%,0,1
hardness_halfcap_sorted_n2000_B100_classes3_seed2042__few_vars_few_perms_pure_linear_only_x__seed9576.out,Optimal solution found,1.000000000000e+03,0.0000%,677.87,338.08,33.3%,168930,1
hardness_halfcap_sorted_n2000_B100_classes3_seed2042__few_vars_few_perms_separate__seed8239.out,Optimal solution found,1.000000000000e+03,0.0000%,7.64,6.16,0.00%,0,1
hardness_halfcap_sorted_n2000_B100_classes3_seed2042__many_vars_few_perms_mixed__seed5566.out,Optimal solution found,1.000000000000e+03,0.0000%,6.58,5.98,0.00%,0,1
hardness_halfcap_sorted_n2000_B100_classes3_seed2042__few_vars_few_perms_mixed__seed8543.out,Optimal solution found,1.000000000000e+03,0.0000%,7.29,6.09,0.00%,0,1
hardness_halfcap_sorted_n2000_B100_classes3_seed2042__many_vars_few_perms_linear_y__seed7199.out,Optimal solution found,1.000000000000e+03,0.0000%,141.90,80.56,1.39%,94759,1
hardness_halfcap_sorted_n2000_B100_classes3_seed2042__few_vars_many_perms_separate__seed5235.out,Optimal solution found,1.000000000000e+03,0.0000%,6.35,5.73,0.00%,0,1
hardness_halfcap_sorted_n2000_B100_classes3_seed2042__few_vars_many_perms_pure_linear_only_x__seed7811.out,Optimal solution found,1.000000000000e+03,0.0000%,1269.08,593.54,33.3%,195227,1
hardness_halfcap_sorted_n2000_B100_classes3_seed2042__few_vars_many_perms_pure_linear_only_x__seed5021.out,Optimal solution found,1.000000000000e+03,0.0000%,589.59,291.68,33.3%,176049,1
hardness_halfcap_sorted_n2000_B100_classes3_seed2042__few_vars_few_perms_pure_linear_only_y__seed5959.out,Optimal solution found,1.000000000000e+03,0.0000%,360.42,171.40,33.2%,15392,1
hardness_halfcap_sorted_n2000_B100_classes3_seed2042__thousand_vars_few_perms_pure_linear_x_and_y__seed4533.out,Optimal solution found,1.000000000000e+03,0.0000%,1034.78,574.07,31.2%,1076035,27
hardness_halfcap_sorted_n2000_B100_classes3_seed2042__few_vars_few_perms_mixed__seed7884.out,Optimal solution found,1.000000000000e+03,0.0000%,7.64,6.18,0.00%,0,1
hardness_halfcap_sorted_n2000_B100_classes3_seed2042__many_vars_few_perms_mixed__seed6094.out,Optimal solution found,1.000000000000e+03,0.0000%,20.43,13.09,0.00%,92757,1
hardness_halfcap_sorted_n2000_B100_classes3_seed2042__many_vars_few_perms_linear_x__seed1086.out,Optimal solution found,1.000000000000e+03,0.0000%,95.58,69.07,1.78%,107441,1
hardness_halfcap_sorted_n2000_B100_classes3_seed2042__few_vars_many_perms_only_xs__seed8069.out,Optimal solution found,1.000000000000e+03,0.0000%,6.35,5.77,0.00%,0,1
hardness_halfcap_sorted_n2000_B100_classes3_seed2042__thousand_vars_few_perms_pure_linear_only_x__seed6259.out,Optimal solution found,1.000000000000e+03,0.0000%,942.07,519.98,33.3%,957148,26
hardness_halfcap_sorted_n2000_B100_classes3_seed2042__few_vars_few_perms_pure_linear_x_and_y__seed5334.out,,,0.4975%,1848.07,834.51,33.3%,1594840,6
hardness_halfcap_sorted_n2000_B100_classes3_seed2042__few_vars_few_perms_pure_linear_only_y__seed2164.out,Optimal solution found,1.000000000000e+03,0.0000%,667.69,343.95,33.3%,1637409,1
hardness_halfcap_sorted_n2000_B100_classes3_seed2042__many_vars_few_perms_only_ys__seed7737.out,Optimal solution found,1.000000000000e+03,0.0000%,13.35,10.33,0.00%,74101,1
hardness_halfcap_sorted_n2000_B100_classes3_seed2042__many_vars_few_perms_pure_linear_only_x__seed2828.out,Optimal solution found,1.000000000000e+03,0.0000%,883.41,418.00,33.3%,185636,7
hardness_halfcap_sorted_n2000_B100_classes3_seed2042__many_vars_few_perms_linear_y__seed1658.out,Optimal solution found,1.000000000000e+03,0.0000%,150.61,91.74,1.49%,124121,1
hardness_halfcap_sorted_n2000_B100_classes3_seed2042__few_vars_few_perms_only_ys__seed1552.out,Optimal solution found,1.000000000000e+03,0.0000%,6.38,5.72,0.00%,0,1
hardness_halfcap_sorted_n2000_B100_classes3_seed2042__thousand_vars_few_perms_pure_linear_x_and_y__seed9228.out,Optimal solution found,1.000000000000e+03,0.0000%,1189.87,628.68,30.9%,371062,27
hardness_halfcap_sorted_n2000_B100_classes3_seed2042__thousand_vars_few_perms_linear_y__seed1160.out,Optimal solution found,1.000000000000e+03,0.0000%,14.45,10.47,0.00%,94830,1
hardness_halfcap_sorted_n2000_B100_classes3_seed2042__few_vars_few_perms_separate__seed9446.out,Optimal solution found,1.000000000000e+03,0.0000%,7.64,6.15,0.00%,0,1
hardness_halfcap_sorted_n2000_B100_classes3_seed2042__many_vars_few_perms_linear_y__seed5947.out,Optimal solution found,1.000000000000e+03,0.0000%,192.06,101.11,1.00%,139281,1
hardness_halfcap_sorted_n2000_B100_classes3_seed2042__few_vars_many_perms_linear_y__seed6986.out,Optimal solution found,1.000000000000e+03,0.0000%,192.24,109.93,0.51%,120250,1
hardness_halfcap_sorted_n2000_B100_classes3_seed2042__thousand_vars_few_perms_linear_x__seed7906.out,Optimal solution found,1.000000000000e+03,0.0000%,109.18,68.45,7.07%,103243,1
hardness_halfcap_sorted_n2000_B100_classes3_seed2042__few_vars_many_perms_only_xs__seed2779.out,Optimal solution found,1.000000000000e+03,0.0000%,6.36,5.74,0.00%,0,1
hardness_halfcap_sorted_n2000_B100_classes3_seed2042__thousand_vars_few_perms_separate__seed7979.out,Optimal solution found,1.000000000000e+03,0.0000%,239.39,127.25,0.21%,106724,1
hardness_halfcap_sorted_n2000_B100_classes3_seed2042__many_vars_few_perms_mixed__seed1920.out,Optimal solution found,1.000000000000e+03,0.0000%,6.59,6.22,0.00%,0,1
hardness_halfcap_sorted_n2000_B100_classes3_seed2042__few_vars_few_perms_linear_x__seed7164.out,Optimal solution found,1.000000000000e+03,0.0000%,135.65,74.85,0.31%,158913,1
hardness_halfcap_sorted_n2000_B100_classes3_seed2042__many_vars_few_perms_separate__seed3638.out,Optimal solution found,1.000000000000e+03,0.0000%,9.43,7.03,0.00%,0,1
hardness_halfcap_sorted_n2000_B100_classes3_seed2042__few_vars_few_perms_pure_linear_only_x__seed8041.out,Optimal solution found,1.000000000000e+03,0.0000%,1683.39,1082.36,33.3%,257318,12
hardness_halfcap_sorted_n2000_B100_classes3_seed2042__thousand_vars_few_perms_linear_x__seed5478.out,Optimal solution found,1.000000000000e+03,0.0000%,216.20,123.02,8.43%,159784,1
hardness_halfcap_sorted_n2000_B100_classes3_seed2042__thousand_vars_few_perms_separate__seed4900.out,Optimal solution found,1.000000000000e+03,0.0000%,345.44,190.77,2.73%,31694,1
hardness_halfcap_sorted_n2000_B100_classes3_seed2042__few_vars_many_perms_linear_x__seed8409.out,Optimal solution found,1.000000000000e+03,0.0000%,110.57,53.80,0.41%,99885,1
hardness_halfcap_sorted_n2000_B100_classes3_seed2042__thousand_vars_few_perms_only_ys__seed2054.out,,1.000000000000e+03,0.0000%,1812.44,881.05,2.92%,841586,1358
hardness_halfcap_sorted_n2000_B100_classes3_seed2042__thousand_vars_few_perms_pure_linear_only_x__seed3478.out,Optimal solution found,1.000000000000e+03,0.0000%,928.17,519.89,33.3%,3148669,1102
hardness_halfcap_sorted_n2000_B100_classes3_seed2042__few_vars_few_perms_linear_y__seed2600.out,Optimal solution found,1.000000000000e+03,0.0000%,182.53,94.76,0.31%,129505,1
hardness_halfcap_sorted_n2000_B100_classes3_seed2042__few_vars_few_perms_separate__seed5444.out,Optimal solution found,1.000000000000e+03,0.0000%,7.64,6.15,0.00%,0,1
hardness_halfcap_sorted_n2000_B100_classes3_seed2042__many_vars_few_perms_pure_linear_x_and_y__seed6188.out,Optimal solution found,1.000000000000e+03,0.0000%,859.25,399.26,33.1%,155696,1
hardness_halfcap_sorted_n2000_B100_classes3_seed2042__few_vars_many_perms_pure_linear_x_and_y__seed5940.out,Optimal solution found,1.000000000000e+03,0.0000%,1264.16,636.15,33.2%,1381273,277
hardness_halfcap_sorted_n2000_B100_classes3_seed2042__few_vars_many_perms_linear_y__seed3976.out,Optimal solution found,1.000000000000e+03,0.0000%,226.06,131.74,0.21%,27439,1
hardness_halfcap_sorted_n2000_B100_classes3_seed2042__few_vars_few_perms_mixed__seed1398.out,Optimal solution found,1.000000000000e+03,0.0000%,6.88,6.18,0.00%,0,1
hardness_halfcap_sorted_n2000_B100_classes3_seed2042__many_vars_few_perms_only_xs__seed6980.out,Optimal solution found,1.000000000000e+03,0.0000%,6.57,6.02,0.00%,0,1
hardness_halfcap_sorted_n2000_B100_classes3_seed2042__many_vars_few_perms_pure_linear_only_y__seed8475.out,Optimal solution found,1.000000000000e+03,0.0000%,1675.67,792.69,31.3%,1937408,2695
hardness_halfcap_sorted_n2000_B100_classes3_seed2042__thousand_vars_few_perms_linear_x__seed5531.out,Optimal solution found,1.000000000000e+03,0.0000%,140.76,88.78,7.50%,128093,1
hardness_halfcap_sorted_n2000_B100_classes3_seed2042__few_vars_many_perms_linear_y__seed7047.out,Optimal solution found,1.000000000000e+03,0.0000%,209.50,105.90,0.51%,129316,1
hardness_halfcap_sorted_n2000_B100_classes3_seed2042__thousand_vars_few_perms_separate__seed5570.out,Optimal solution found,1.000000000000e+03,0.0000%,342.14,187.41,1.10%,120977,1
hardness_halfcap_sorted_n2000_B100_classes3_seed2042__thousand_vars_few_perms_pure_linear_x_and_y__seed6130.out,Optimal solution found,1.000000000000e+03,0.0000%,1074.85,613.91,31.5%,968334,25
hardness_halfcap_sorted_n2000_B100_classes3_seed2042__thousand_vars_few_perms_pure_linear_only_x__seed4074.out,Optimal solution found,1.000000000000e+03,0.0000%,806.61,456.54,33.4%,404664,26
hardness_halfcap_sorted_n2000_B100_classes3_seed2042__few_vars_many_perms_pure_linear_x_and_y__seed7951.out,Optimal solution found,1.000000000000e+03,0.0000%,1299.71,654.99,33.2%,1639525,831
hardness_halfcap_sorted_n2000_B100_classes3_seed2042__many_vars_few_perms_linear_y__seed6518.out,Optimal solution found,1.000000000000e+03,0.0000%,175.82,110.90,0.90%,147461,1
hardness_halfcap_sorted_n2000_B100_classes3_seed2042__few_vars_few_perms_separate__seed8940.out,Optimal solution found,1.000000000000e+03,0.0000%,7.64,6.12,0.00%,0,1
hardness_halfcap_sorted_n2000_B100_classes3_seed2042__thousand_vars_few_perms_separate__seed2158.out,Optimal solution found,1.000000000000e+03,0.0000%,214.04,118.66,0.90%,106461,1
hardness_halfcap_sorted_n2000_B100_classes3_seed2042__thousand_vars_few_perms_only_xs__seed7642.out,Optimal solution found,1.000000000000e+03,0.0000%,16.13,10.91,0.00%,78401,1
hardness_halfcap_sorted_n2000_B100_classes3_seed2042__few_vars_few_perms_pure_linear_only_x__seed7183.out,,,0.0999%,2029.27,1292.82,33.3%,205528,17
hardness_halfcap_sorted_n2000_B100_classes3_seed2042__few_vars_many_perms_separate__seed5570.out,Optimal solution found,1.000000000000e+03,0.0000%,19.35,13.14,0.00%,126093,1
hardness_halfcap_sorted_n2000_B100_classes3_seed2042__few_vars_many_perms_separate__seed8295.out,Optimal solution found,1.000000000000e+03,0.0000%,6.35,5.77,0.00%,0,1
hardness_halfcap_sorted_n2000_B100_classes3_seed2042__many_vars_few_perms_separate__seed7320.out,Optimal solution found,1.000000000000e+03,0.0000%,83.02,56.49,0.11%,104005,1
hardness_halfcap_sorted_n2000_B100_classes3_seed2042__many_vars_few_perms_pure_linear_x_and_y__seed7660.out,Optimal solution found,1.000000000000e+03,0.0000%,1286.35,828.48,33.3%,1390176,23
hardness_halfcap_sorted_n2000_B100_classes3_seed2042__many_vars_few_perms_separate__seed9494.out,Optimal solution found,1.000000000000e+03,0.0000%,15.22,10.29,0.00%,88280,1
hardness_halfcap_sorted_n2000_B100_classes3_seed2042__few_vars_few_perms_only_ys__seed1560.out,Optimal solution found,1.000000000000e+03,0.0000%,5.29,5.40,0.00%,0,1
hardness_halfcap_sorted_n2000_B100_classes3_seed2042__few_vars_few_perms_pure_linear_only_x__seed1860.out,Optimal solution found,1.000000000000e+03,0.0000%,1036.21,513.82,33.3%,564903,27
hardness_halfcap_sorted_n2000_B100_classes3_seed2042__many_vars_few_perms_only_ys__seed1348.out,Optimal solution found,1.000000000000e+03,0.0000%,6.59,6.21,0.00%,0,1
hardness_halfcap_sorted_n2000_B100_classes3_seed2042__few_vars_many_perms_pure_linear_only_y__seed7009.out,Optimal solution found,1.000000000000e+03,0.0000%,423.73,203.42,32.9%,1854717,1
hardness_halfcap_sorted_n2000_B100_classes3_seed2042__few_vars_few_perms_linear_x__seed8892.out,Optimal solution found,1.000000000000e+03,0.0000%,6.38,5.86,0.00%,0,1
hardness_halfcap_sorted_n2000_B100_classes3_seed2042__many_vars_few_perms_pure_linear_x_and_y__seed5466.out,Optimal solution found,1.000000000000e+03,0.0000%,1067.94,587.42,33.2%,1585318,125
hardness_halfcap_sorted_n2000_B100_classes3_seed2042__few_vars_many_perms_separate__seed6454.out,Optimal solution found,1.000000000000e+03,0.0000%,7.62,6.24,0.00%,0,1
hardness_halfcap_sorted_n2000_B100_classes3_seed2042__many_vars_few_perms_mixed__seed4060.out,Optimal solution found,1.000000000000e+03,0.0000%,8.03,6.67,0.00%,0,1
hardness_halfcap_sorted_n2000_B100_classes3_seed2042__few_vars_few_perms_pure_linear_only_x__seed6673.out,,,0.4975%,1800.03,821.81,33.3%,2272282,1
hardness_halfcap_sorted_n2000_B100_classes3_seed2042__thousand_vars_few_perms_linear_y__seed1153.out,Optimal solution found,1.000000000000e+03,0.0000%,15.24,10.47,0.00%,92873,1
hardness_halfcap_sorted_n2000_B100_classes3_seed2042__few_vars_many_perms_pure_linear_only_x__seed8731.out,Optimal solution found,1.000000000000e+03,0.0000%,861.03,420.45,33.3%,151237,1
hardness_halfcap_sorted_n2000_B100_classes3_seed2042__few_vars_few_perms_mixed__seed4373.out,Optimal solution found,1.000000000000e+03,0.0000%,7.74,6.23,0.00%,0,1
hardness_halfcap_sorted_n2000_B100_classes3_seed2042__thousand_vars_few_perms_pure_linear_x_and_y__seed7008.out,Optimal solution found,1.000000000000e+03,0.0000%,1348.33,699.62,30.9%,6068114,1062
hardness_halfcap_sorted_n2000_B100_classes3_seed2042__thousand_vars_few_perms_pure_linear_only_y__seed2407.out,Optimal solution found,1.000000000000e+03,0.0000%,1395.40,674.86,31.7%,435421,24
hardness_halfcap_sorted_n2000_B100_classes3_seed2042__few_vars_few_perms_only_xs__seed4580.out,Optimal solution found,1.000000000000e+03,0.0000%,7.54,6.10,0.00%,0,1
hardness_halfcap_sorted_n2000_B100_classes3_seed2042__thousand_vars_few_perms_linear_x__seed8423.out,Optimal solution found,1.000000000000e+03,0.0000%,119.43,78.79,6.37%,131155,1
hardness_halfcap_sorted_n2000_B100_classes3_seed2042__few_vars_many_perms_linear_x__seed9491.out,Optimal solution found,1.000000000000e+03,0.0000%,100.78,56.77,0.31%,158177,1
hardness_halfcap_sorted_n2000_B100_classes3_seed2042__thousand_vars_few_perms_linear_y__seed2464.out,Optimal solution found,1.000000000000e+03,0.0000%,8.78,6.90,0.00%,0,1
hardness_halfcap_sorted_n2000_B100_classes3_seed2042__few_vars_few_perms_linear_x__seed9620.out,Optimal solution found,1.000000000000e+03,0.0000%,6.38,5.82,0.00%,0,1
hardness_halfcap_sorted_n2000_B100_classes3_seed2042__few_vars_few_perms_pure_linear_only_y__seed9376.out,Optimal solution found,1.000000000000e+03,0.0000%,1643.67,956.11,33.2%,2007739,28
hardness_halfcap_sorted_n2000_B100_classes3_seed2042__few_vars_few_perms_mixed__seed1989.out,Optimal solution found,1.000000000000e+03,0.0000%,7.55,6.10,0.00%,0,1
hardness_halfcap_sorted_n2000_B100_classes3_seed2042__few_vars_few_perms_only_xs__seed6156.out,Optimal solution found,1.000000000000e+03,0.0000%,7.54,6.15,0.00%,0,1
hardness_halfcap_sorted_n2000_B100_classes3_seed2042__few_vars_many_perms_separate__seed7953.out,Optimal solution found,1.000000000000e+03,0.0000%,6.36,5.79,0.00%,0,1
hardness_halfcap_sorted_n2000_B100_classes3_seed2042__many_vars_few_perms_pure_linear_only_x__seed3535.out,Optimal solution found,1.000000000000e+03,0.0000%,813.81,460.75,33.3%,551247,46
hardness_halfcap_sorted_n2000_B100_classes3_seed2042__few_vars_many_perms_linear_x__seed6600.out,Optimal solution found,1.000000000000e+03,0.0000%,210.05,111.37,0.41%,113622,1
hardness_halfcap_sorted_n2000_B100_classes3_seed2042__many_vars_few_perms_only_xs__seed8752.out,Optimal solution found,1.000000000000e+03,0.0000%,7.72,6.38,0.00%,0,1
hardness_halfcap_sorted_n2000_B100_classes3_seed2042__thousand_vars_few_perms_mixed__seed4727.out,Optimal solution found,1.000000000000e+03,0.0000%,13.87,10.00,0.00%,83348,1
hardness_halfcap_sorted_n2000_B100_classes3_seed2042__few_vars_few_perms_pure_linear_x_and_y__seed4543.out,,,0.1996%,1812.23,821.39,33.3%,1371704,3
hardness_halfcap_sorted_n2000_B100_classes3_seed2042__thousand_vars_few_perms_linear_y__seed9487.out,Optimal solution found,1.000000000000e+03,0.0000%,15.20,10.41,0.00%,75173,1
hardness_halfcap_sorted_n2000_B100_classes3_seed2042__few_vars_many_perms_linear_x__seed2670.out,Optimal solution found,1.000000000000e+03,0.0000%,159.75,93.98,0.31%,132281,1
hardness_halfcap_sorted_n2000_B100_classes3_seed2042__thousand_vars_few_perms_linear_x__seed6619.out,Optimal solution found,1.000000000000e+03,0.0000%,218.42,120.35,6.55%,135273,1
hardness_halfcap_sorted_n2000_B100_classes3_seed2042__few_vars_many_perms_linear_y__seed9878.out,Optimal solution found,1.000000000000e+03,0.0000%,215.85,108.92,0.41%,110546,1
hardness_halfcap_sorted_n2000_B100_classes3_seed2042__thousand_vars_few_perms_mixed__seed4860.out,Optimal solution found,1.000000000000e+03,0.0000%,12.74,8.69,0.00%,76390,1
hardness_halfcap_sorted_n2000_B100_classes3_seed2042__few_vars_many_perms_separate__seed9412.out,Optimal solution found,1.000000000000e+03,0.0000%,6.36,5.80,0.00%,0,1
hardness_halfcap_sorted_n2000_B100_classes3_seed2042__few_vars_many_perms_only_ys__seed8869.out,Optimal solution found,1.000000000000e+03,0.0000%,5.29,5.50,0.00%,0,1
hardness_halfcap_sorted_n2000_B100_classes3_seed2042__many_vars_few_perms_only_ys__seed1038.out,Optimal solution found,1.000000000000e+03,0.0000%,164.30,100.64,0.41%,108111,1
hardness_halfcap_sorted_n2000_B100_classes3_seed2042__thousand_vars_few_perms_separate__seed6674.out,Optimal solution found,1.000000000000e+03,0.0000%,12.97,8.65,0.00%,0,1
hardness_halfcap_sorted_n2000_B100_classes3_seed2042__few_vars_many_perms_mixed__seed1094.out,Optimal solution found,1.000000000000e+03,0.0000%,6.37,5.80,0.00%,0,1
hardness_halfcap_sorted_n2000_B100_classes3_seed2042__few_vars_many_perms_pure_linear_x_and_y__seed2215.out,Optimal solution found,1.000000000000e+03,0.0000%,959.81,455.29,33.1%,1745135,1
hardness_halfcap_sorted_n2000_B100_classes3_seed2042__few_vars_many_perms_linear_x__seed9537.out,Optimal solution found,1.000000000000e+03,0.0000%,92.56,52.16,0.21%,97290,1
hardness_halfcap_sorted_n2000_B100_classes3_seed2042__many_vars_few_perms_separate__seed8405.out,Optimal solution found,1.000000000000e+03,0.0000%,7.73,6.42,0.00%,0,1
hardness_halfcap_sorted_n2000_B100_classes3_seed2042__many_vars_few_perms_only_ys__seed5666.out,Optimal solution found,1.000000000000e+03,0.0000%,6.65,6.19,0.00%,0,1
hardness_halfcap_sorted_n2000_B100_classes3_seed2042__many_vars_few_perms_pure_linear_only_x__seed5627.out,Optimal solution found,1.000000000000e+03,0.0000%,1004.71,526.25,33.4%,231281,18
hardness_halfcap_sorted_n2000_B100_classes3_seed2042__many_vars_few_perms_pure_linear_only_x__seed2821.out,Optimal solution found,1.000000000000e+03,0.0000%,901.45,492.82,33.3%,563733,26
hardness_halfcap_sorted_n2000_B100_classes3_seed2042__thousand_vars_few_perms_pure_linear_only_x__seed1270.out,Optimal solution found,1.000000000000e+03,0.0000%,1242.24,647.91,33.3%,516337,24
hardness_halfcap_sorted_n2000_B100_classes3_seed2042__thousand_vars_few_perms_separate__seed5552.out,Optimal solution found,1.000000000000e+03,0.0000%,233.37,138.82,2.73%,134613,1
hardness_halfcap_sorted_n2000_B100_classes3_seed2042__thousand_vars_few_perms_only_xs__seed9250.out,Optimal solution found,1.000000000000e+03,0.0000%,19.14,11.80,0.00%,69828,1
hardness_halfcap_sorted_n2000_B100_classes3_seed2042__thousand_vars_few_perms_linear_y__seed4159.out,Optimal solution found,1.000000000000e+03,0.0000%,16.99,11.09,0.00%,86655,1
hardness_halfcap_sorted_n2000_B100_classes3_seed2042__few_vars_few_perms_linear_y__seed4454.out,Optimal solution found,1.000000000000e+03,0.0000%,7.97,6.51,0.00%,0,1
hardness_halfcap_sorted_n2000_B100_classes3_seed2042__many_vars_few_perms_linear_y__seed3683.out,Optimal solution found,1.000000000000e+03,0.0000%,167.29,92.81,0.70%,126799,1
hardness_halfcap_sorted_n2000_B100_classes3_seed2042__many_vars_few_perms_only_ys__seed6795.out,Optimal solution found,1.000000000000e+03,0.0000%,6.57,6.17,0.00%,0,1
hardness_halfcap_sorted_n2000_B100_classes3_seed2042.out,Optimal solution found,1.000000000000e+03,0.0000%,810.93,416.44,33.3%,190748,1
hardness_halfcap_sorted_n2000_B100_classes3_seed2042__few_vars_many_perms_pure_linear_only_y__seed7146.out,Optimal solution found,1.000000000000e+03,0.0000%,697.78,333.38,32.8%,171438,1
hardness_halfcap_sorted_n2000_B100_classes3_seed2042__few_vars_few_perms_only_ys__seed1759.out,Optimal solution found,1.000000000000e+03,0.0000%,6.38,5.72,0.00%,0,1
hardness_halfcap_sorted_n2000_B100_classes3_seed2042__many_vars_few_perms_only_xs__seed6140.out,Optimal solution found,1.000000000000e+03,0.0000%,7.81,6.40,0.00%,0,1
hardness_halfcap_sorted_n2000_B100_classes3_seed2042__thousand_vars_few_perms_pure_linear_only_y__seed2371.out,Optimal solution found,1.000000000000e+03,0.0000%,1481.91,784.92,31.7%,1699137,580
hardness_halfcap_sorted_n2000_B100_classes3_seed2042__few_vars_few_perms_pure_linear_x_and_y__seed2519.out,Optimal solution found,1.000000000000e+03,0.0000%,1129.94,535.43,33.3%,1760107,79
hardness_halfcap_sorted_n2000_B100_classes3_seed2042__many_vars_few_perms_pure_linear_only_x__seed5584.out,Optimal solution found,1.000000000000e+03,0.0000%,583.65,352.72,33.3%,661191,25
hardness_halfcap_sorted_n2000_B100_classes3_seed2042__thousand_vars_few_perms_only_ys__seed2713.out,Optimal solution found,1.000000000000e+03,0.0000%,466.03,209.90,0.41%,93127,1
hardness_halfcap_sorted_n2000_B100_classes3_seed2042__few_vars_many_perms_only_xs__seed6648.out,Optimal solution found,1.000000000000e+03,0.0000%,6.36,5.77,0.00%,0,1
hardness_halfcap_sorted_n2000_B100_classes3_seed2042__few_vars_many_perms_pure_linear_only_y__seed4075.out,Optimal solution found,1.000000000000e+03,0.0000%,1044.03,538.97,32.9%,772600,25
hardness_halfcap_sorted_n2000_B100_classes3_seed2042__few_vars_many_perms_pure_linear_x_and_y__seed5592.out,Optimal solution found,1.000000000000e+03,0.0000%,631.46,326.16,33.1%,1753421,1
hardness_halfcap_sorted_n2000_B100_classes3_seed2042__few_vars_many_perms_pure_linear_only_y__seed9784.out,Optimal solution found,1.000000000000e+03,0.0000%,1409.93,726.53,32.8%,1609310,466
hardness_halfcap_sorted_n2000_B100_classes3_seed2042__few_vars_many_perms_linear_x__seed8602.out,Optimal solution found,1.000000000000e+03,0.0000%,121.07,78.31,0.11%,130697,1
hardness_halfcap_sorted_n2000_B100_classes3_seed2042__many_vars_few_perms_mixed__seed7009.out,Optimal solution found,1.000000000000e+03,0.0000%,6.54,6.01,0.00%,0,1
hardness_halfcap_sorted_n2000_B100_classes3_seed2042__few_vars_few_perms_pure_linear_only_y__seed7003.out,Optimal solution found,1.000000000000e+03,0.0000%,751.77,365.58,33.2%,162304,1
hardness_halfcap_sorted_n2000_B100_classes3_seed2042__many_vars_few_perms_linear_x__seed9981.out,Optimal solution found,1.000000000000e+03,0.0000%,113.62,78.81,0.90%,122410,1
hardness_halfcap_sorted_n2000_B100_classes3_seed2042__thousand_vars_few_perms_pure_linear_only_x__seed2544.out,Optimal solution found,1.000000000000e+03,0.0000%,1135.91,643.82,33.3%,3976064,1087
hardness_halfcap_sorted_n2000_B100_classes3_seed2042__few_vars_many_perms_only_xs__seed2836.out,Optimal solution found,1.000000000000e+03,0.0000%,6.36,5.70,0.00%,0,1
hardness_halfcap_sorted_n2000_B100_classes3_seed2042__thousand_vars_few_perms_only_xs__seed5680.out,Optimal solution found,1.000000000000e+03,0.0000%,22.43,13.35,0.00%,85080,1
hardness_halfcap_sorted_n2000_B100_classes3_seed2042__many_vars_few_perms_only_ys__seed4234.out,Optimal solution found,1.000000000000e+03,0.0000%,6.60,6.19,0.00%,0,1
hardness_halfcap_sorted_n2000_B100_classes3_seed2042__many_vars_few_perms_separate__seed7046.out,Optimal solution found,1.000000000000e+03,0.0000%,9.93,8.46,0.00%,80588,1
hardness_halfcap_sorted_n2000_B100_classes3_seed2042__many_vars_few_perms_pure_linear_only_y__seed8681.out,Optimal solution found,1.000000000000e+03,0.0000%,986.45,542.61,31.0%,1081524,22
hardness_halfcap_sorted_n2000_B100_classes3_seed2042__many_vars_few_perms_linear_y__seed3904.out,Optimal solution found,1.000000000000e+03,0.0000%,189.68,106.36,1.39%,115850,1
hardness_halfcap_sorted_n2000_B100_classes3_seed2042__many_vars_few_perms_pure_linear_only_x__seed1085.out,Optimal solution found,1.000000000000e+03,0.0000%,797.90,442.34,33.3%,383000,27
hardness_halfcap_sorted_n2000_B100_classes3_seed2042__many_vars_few_perms_only_xs__seed2127.out,Optimal solution found,1.000000000000e+03,0.0000%,6.51,5.97,0.00%,0,1
hardness_halfcap_sorted_n2000_B100_classes3_seed2042__few_vars_many_perms_separate__seed3111.out,Optimal solution found,1.000000000000e+03,0.0000%,6.36,5.78,0.00%,0,1
hardness_halfcap_sorted_n2000_B100_classes3_seed2042__few_vars_few_perms_separate__seed6780.out,Optimal solution found,1.000000000000e+03,0.0000%,7.64,6.08,0.00%,0,1
hardness_halfcap_sorted_n2000_B100_classes3_seed2042__thousand_vars_few_perms_mixed__seed4494.out,Optimal solution found,1.000000000000e+03,0.0000%,17.13,11.10,0.00%,88298,1
hardness_halfcap_sorted_n2000_B100_classes3_seed2042__few_vars_many_perms_mixed__seed3369.out,Optimal solution found,1.000000000000e+03,0.0000%,6.36,5.80,0.00%,0,1
hardness_halfcap_sorted_n2000_B100_classes3_seed2042__few_vars_many_perms_pure_linear_x_and_y__seed1433.out,Optimal solution found,1.000000000000e+03,0.0000%,1020.13,476.56,32.9%,146141,1
hardness_halfcap_sorted_n2000_B100_classes3_seed2042__thousand_vars_few_perms_only_xs__seed7621.out,Optimal solution found,1.000000000000e+03,0.0000%,16.43,10.98,0.00%,77030,1
hardness_halfcap_sorted_n2000_B100_classes3_seed2042__few_vars_many_perms_linear_y__seed1909.out,Optimal solution found,1.000000000000e+03,0.0000%,191.28,105.88,0.51%,148111,1
hardness_halfcap_sorted_n2000_B100_classes3_seed2042__thousand_vars_few_perms_pure_linear_only_x__seed5476.out,Optimal solution found,1.000000000000e+03,0.0000%,1266.67,688.24,33.3%,3939322,1489
hardness_halfcap_sorted_n2000_B100_classes3_seed2042__few_vars_many_perms_only_ys__seed6414.out,Optimal solution found,1.000000000000e+03,0.0000%,6.38,5.78,0.00%,0,1
hardness_halfcap_sorted_n2000_B100_classes3_seed2042__thousand_vars_few_perms_only_ys__seed7962.out,Optimal solution found,1.000000000000e+03,0.0000%,354.44,171.36,2.16%,116115,1
hardness_halfcap_sorted_n2000_B100_classes3_seed2042__few_vars_many_perms_only_xs__seed1169.out,Optimal solution found,1.000000000000e+03,0.0000%,6.35,5.68,0.00%,0,1
hardness_halfcap_sorted_n2000_B100_classes3_seed2042__few_vars_many_perms_pure_linear_only_x__seed9288.out,Optimal solution found,1.000000000000e+03,0.0000%,1255.59,632.70,33.3%,722354,23
hardness_halfcap_sorted_n2000_B100_classes3_seed2042__many_vars_few_perms_pure_linear_only_y__seed4547.out,Optimal solution found,1.000000000000e+03,0.0000%,1269.41,666.22,30.8%,1948581,366
hardness_halfcap_sorted_n2000_B100_classes3_seed2042__few_vars_many_perms_linear_x__seed7219.out,Optimal solution found,1.000000000000e+03,0.0000%,157.65,89.80,0.31%,123744,1
hardness_halfcap_sorted_n2000_B100_classes3_seed2042__many_vars_few_perms_only_ys__seed9011.out,Optimal solution found,1.000000000000e+03,0.0000%,6.61,6.19,0.00%,0,1
hardness_halfcap_sorted_n2000_B100_classes3_seed2042__few_vars_few_perms_pure_linear_x_and_y__seed1116.out,Optimal solution found,1.000000000000e+03,0.0000%,929.19,427.73,33.4%,1357048,1
hardness_halfcap_sorted_n2000_B100_classes3_seed2042__few_vars_few_perms_only_xs__seed5761.out,Optimal solution found,1.000000000000e+03,0.0000%,7.54,6.11,0.00%,0,1
hardness_halfcap_sorted_n2000_B100_classes3_seed2042__few_vars_few_perms_linear_x__seed3797.out,Optimal solution found,1.000000000000e+03,0.0000%,6.38,5.97,0.00%,0,1
hardness_halfcap_sorted_n2000_B100_classes3_seed2042__few_vars_few_perms_pure_linear_x_and_y__seed5417.out,Optimal solution found,1.000000000000e+03,0.0000%,614.03,293.51,33.4%,169281,1
hardness_halfcap_sorted_n2000_B100_classes3_seed2042__thousand_vars_few_perms_only_ys__seed4846.out,Optimal solution found,1.000000000000e+03,0.0000%,259.71,139.94,2.54%,105501,1
hardness_halfcap_sorted_n2000_B100_classes3_seed2042__many_vars_few_perms_only_ys__seed2145.out,Optimal solution found,1.000000000000e+03,0.0000%,6.54,5.99,0.00%,0,1
hardness_halfcap_sorted_n2000_B100_classes3_seed2042__thousand_vars_few_perms_only_ys__seed6710.out,Optimal solution found,1.000000000000e+03,0.0000%,219.50,128.82,3.58%,110807,1
hardness_halfcap_sorted_n2000_B100_classes3_seed2042__few_vars_few_perms_only_xs__seed5210.out,Optimal solution found,1.000000000000e+03,0.0000%,7.54,6.14,0.00%,0,1
hardness_halfcap_sorted_n2000_B100_classes3_seed2042__few_vars_many_perms_only_xs__seed8164.out,Optimal solution found,1.000000000000e+03,0.0000%,6.35,5.71,0.00%,0,1
hardness_halfcap_sorted_n2000_B100_classes3_seed2042__many_vars_few_perms_separate__seed1082.out,Optimal solution found,1.000000000000e+03,0.0000%,128.08,76.50,0.31%,110745,1
hardness_halfcap_sorted_n2000_B100_classes3_seed2042__many_vars_few_perms_mixed__seed8956.out,Optimal solution found,1.000000000000e+03,0.0000%,6.56,6.06,0.00%,0,1
hardness_halfcap_sorted_n2000_B100_classes3_seed2042__few_vars_many_perms_only_ys__seed3790.out,Optimal solution found,1.000000000000e+03,0.0000%,5.29,5.45,0.00%,0,1
hardness_halfcap_sorted_n2000_B100_classes3_seed2042__thousand_vars_few_perms_pure_linear_x_and_y__seed7719.out,Optimal solution found,1.000000000000e+03,0.0000%,1119.19,649.39,31.4%,2017322,30
hardness_halfcap_sorted_n2000_B100_classes3_seed2042__many_vars_few_perms_separate__seed4313.out,Optimal solution found,1.000000000000e+03,0.0000%,7.73,6.40,0.00%,0,1
hardness_halfcap_sorted_n2000_B100_classes3_seed2042__many_vars_few_perms_linear_y__seed1232.out,Optimal solution found,1.000000000000e+03,0.0000%,142.51,82.43,1.29%,103726,1
hardness_halfcap_sorted_n2000_B100_classes3_seed2042__many_vars_few_perms_only_xs__seed8687.out,Optimal solution found,1.000000000000e+03,0.0000%,7.76,6.43,0.00%,0,1
hardness_halfcap_sorted_n2000_B100_classes3_seed2042__few_vars_many_perms_linear_y__seed8721.out,Optimal solution found,1.000000000000e+03,0.0000%,188.07,108.64,0.41%,126535,1
hardness_halfcap_sorted_n2000_B100_classes3_seed2042__few_vars_few_perms_linear_x__seed8950.out,Optimal solution found,1.000000000000e+03,0.0000%,151.19,78.89,0.11%,129409,1
hardness_halfcap_sorted_n2000_B100_classes3_seed2042__few_vars_many_perms_only_ys__seed2881.out,Optimal solution found,1.000000000000e+03,0.0000%,5.29,5.44,0.00%,0,1
hardness_halfcap_sorted_n2000_B100_classes3_seed2042__few_vars_many_perms_only_xs__seed3769.out,Optimal solution found,1.000000000000e+03,0.0000%,7.52,6.11,0.00%,0,1
hardness_halfcap_sorted_n2000_B100_classes3_seed2042__many_vars_few_perms_pure_linear_only_y__seed5458.out,Optimal solution found,1.000000000000e+03,0.0000%,1079.94,555.73,31.0%,1623696,181
hardness_halfcap_sorted_n2000_B100_classes3_seed2042__few_vars_many_perms_linear_x__seed4511.out,Optimal solution found,1.000000000000e+03,0.0000%,122.30,62.67,0.11%,119812,1
hardness_halfcap_sorted_n2000_B100_classes3_seed2042__thousand_vars_few_perms_pure_linear_only_x__seed4838.out,Optimal solution found,1.000000000000e+03,0.0000%,788.14,439.39,33.4%,782686,24
hardness_halfcap_sorted_n2000_B100_classes3_seed2042__thousand_vars_few_perms_only_ys__seed4139.out,Optimal solution found,1.000000000000e+03,0.0000%,349.59,184.49,2.73%,119220,1
hardness_halfcap_sorted_n2000_B100_classes3_seed2042__thousand_vars_few_perms_linear_x__seed3449.out,Optimal solution found,1.000000000000e+03,0.0000%,108.10,80.35,7.76%,122661,1
hardness_halfcap_sorted_n2000_B100_classes3_seed2042__few_vars_few_perms_separate__seed3058.out,Optimal solution found,1.000000000000e+03,0.0000%,6.37,5.76,0.00%,0,1
hardness_halfcap_sorted_n2000_B100_classes3_seed2042__many_vars_few_perms_separate__seed3906.out,Optimal solution found,1.000000000000e+03,0.0000%,6.41,5.84,0.00%,0,1
hardness_halfcap_sorted_n2000_B100_classes3_seed2042__many_vars_few_perms_separate__seed3735.out,Optimal solution found,1.000000000000e+03,0.0000%,6.43,5.89,0.00%,0,1
hardness_halfcap_sorted_n2000_B100_classes3_seed2042__many_vars_few_perms_pure_linear_x_and_y__seed5638.out,Optimal solution found,1.000000000000e+03,0.0000%,1171.78,584.68,33.2%,873529,27
hardness_halfcap_sorted_n2000_B100_classes3_seed2042__many_vars_few_perms_only_ys__seed2595.out,Optimal solution found,1.000000000000e+03,0.0000%,6.51,6.15,0.00%,0,1
hardness_halfcap_sorted_n2000_B100_classes3_seed2042__few_vars_many_perms_pure_linear_only_y__seed4603.out,Optimal solution found,1.000000000000e+03,0.0000%,751.04,340.50,32.7%,192961,1
hardness_halfcap_sorted_n2000_B100_classes3_seed2042__few_vars_few_perms_only_ys__seed2746.out,Optimal solution found,1.000000000000e+03,0.0000%,5.29,5.43,0.00%,0,1
hardness_halfcap_sorted_n2000_B100_classes3_seed2042__few_vars_many_perms_pure_linear_only_x__seed4143.out,Optimal solution found,1.000000000000e+03,0.0000%,1159.05,602.27,33.3%,1683180,324
hardness_halfcap_sorted_n2000_B100_classes3_seed2042__many_vars_few_perms_linear_x__seed9649.out,Optimal solution found,1.000000000000e+03,0.0000%,115.91,69.12,1.39%,103275,1
hardness_halfcap_sorted_n2000_B100_classes3_seed2042__thousand_vars_few_perms_linear_x__seed5171.out,Optimal solution found,1.000000000000e+03,0.0000%,121.00,80.68,8.68%,139079,1
hardness_halfcap_sorted_n2000_B100_classes3_seed2042__few_vars_many_perms_mixed__seed7864.out,Optimal solution found,1.000000000000e+03,0.0000%,6.37,5.81,0.00%,0,1
hardness_halfcap_sorted_n2000_B100_classes3_seed2042__thousand_vars_few_perms_only_xs__seed1242.out,Optimal solution found,1.000000000000e+03,0.0000%,17.22,10.91,0.00%,84883,1
hardness_halfcap_sorted_n2000_B100_classes3_seed2042__many_vars_few_perms_linear_x__seed1211.out,Optimal solution found,1.000000000000e+03,0.0000%,88.82,47.32,1.10%,129012,1
hardness_halfcap_sorted_n2000_B100_classes3_seed2042__thousand_vars_few_perms_pure_linear_only_x__seed7273.out,Optimal solution found,1.000000000000e+03,0.0000%,1215.49,667.73,33.3%,4735282,1113
hardness_halfcap_sorted_n2000_B100_classes3_seed2042__thousand_vars_few_perms_linear_x__seed9029.out,Optimal solution found,1.000000000000e+03,0.0000%,124.21,80.36,8.85%,122175,1
hardness_halfcap_sorted_n2000_B100_classes3_seed2042__few_vars_many_perms_linear_x__seed8266.out,Optimal solution found,1.000000000000e+03,0.0000%,89.00,46.19,0.41%,93917,1
hardness_halfcap_sorted_n2000_B100_classes3_seed2042__thousand_vars_few_perms_separate__seed6818.out,Optimal solution found,1.000000000000e+03,0.0000%,515.68,244.73,2.35%,123775,1
hardness_halfcap_sorted_n2000_B100_classes3_seed2042__thousand_vars_few_perms_mixed__seed4967.out,Optimal solution found,1.000000000000e+03,0.0000%,8.93,6.95,0.00%,0,1
hardness_halfcap_sorted_n2000_B100_classes3_seed2042__thousand_vars_few_perms_only_xs__seed2415.out,Optimal solution found,1.000000000000e+03,0.0000%,157.48,85.36,0.60%,98256,1
hardness_halfcap_sorted_n2000_B100_classes3_seed2042__thousand_vars_few_perms_mixed__seed3991.out,Optimal solution found,1.000000000000e+03,0.0000%,13.85,10.03,0.00%,79755,1
hardness_halfcap_sorted_n2000_B100_classes3_seed2042__few_vars_few_perms_linear_y__seed8191.out,Optimal solution found,1.000000000000e+03,0.0000%,151.10,83.16,0.11%,139642,1
hardness_halfcap_sorted_n2000_B100_classes3_seed2042__few_vars_few_perms_mixed__seed5196.out,Optimal solution found,1.000000000000e+03,0.0000%,6.38,5.77,0.00%,0,1
hardness_halfcap_sorted_n2000_B100_classes3_seed2042__many_vars_few_perms_linear_x__seed6378.out,Optimal solution found,1.000000000000e+03,0.0000%,87.34,51.14,1.39%,98557,1
hardness_halfcap_sorted_n2000_B100_classes3_seed2042__few_vars_few_perms_pure_linear_only_y__seed5660.out,,,0.0999%,1896.45,1233.67,33.3%,307686,17
hardness_halfcap_sorted_n2000_B100_classes3_seed2042__thousand_vars_few_perms_only_ys__seed3848.out,Optimal solution found,1.000000000000e+03,0.0000%,285.86,146.35,3.85%,38276,1
hardness_halfcap_sorted_n2000_B100_classes3_seed2042__thousand_vars_few_perms_pure_linear_only_y__seed5279.out,Optimal solution found,1.000000000000e+03,0.0000%,356.07,166.60,32.2%,15155,1
hardness_halfcap_sorted_n2000_B100_classes3_seed2042__few_vars_few_perms_pure_linear_x_and_y__seed3289.out,Optimal solution found,1.000000000000e+03,0.0000%,346.62,161.95,33.3%,14443,1
hardness_halfcap_sorted_n2000_B100_classes3_seed2042__many_vars_few_perms_only_ys__seed1072.out,Optimal solution found,1.000000000000e+03,0.0000%,6.51,6.17,0.00%,0,1
hardness_halfcap_sorted_n2000_B100_classes3_seed2042__thousand_vars_few_perms_pure_linear_only_x__seed9920.out,Optimal solution found,1.000000000000e+03,0.0000%,1135.12,746.56,33.3%,220177,19
hardness_halfcap_sorted_n2000_B100_classes3_seed2042__few_vars_few_perms_pure_linear_only_x__seed9848.out,Optimal solution found,1.000000000000e+03,0.0000%,1085.90,545.26,33.3%,233856,18
hardness_halfcap_sorted_n2000_B100_classes3_seed2042__few_vars_few_perms_linear_x__seed4607.out,Optimal solution found,1.000000000000e+03,0.0000%,6.38,5.89,0.00%,0,1
hardness_halfcap_sorted_n2000_B100_classes3_seed2042__thousand_vars_few_perms_only_xs__seed4339.out,Optimal solution found,1.000000000000e+03,0.0000%,26.06,14.77,0.00%,86835,1
hardness_halfcap_sorted_n2000_B100_classes3_seed2042__thousand_vars_few_perms_pure_linear_only_y__seed8603.out,Optimal solution found,1.000000000000e+03,0.0000%,1085.90,573.80,31.9%,610787,24
hardness_halfcap_sorted_n2000_B100_classes3_seed2042__few_vars_few_perms_only_ys__seed1089.out,Optimal solution found,1.000000000000e+03,0.0000%,6.38,5.81,0.00%,0,1
hardness_halfcap_sorted_n2000_B100_classes3_seed2042__few_vars_many_perms_linear_y__seed2578.out,Optimal solution found,1.000000000000e+03,0.0000%,178.58,93.35,0.21%,113529,1
hardness_halfcap_sorted_n2000_B100_classes3_seed2042__thousand_vars_few_perms_linear_y__seed5434.out,Optimal solution found,1.000000000000e+03,0.0000%,9.58,7.26,0.00%,0,1
hardness_halfcap_sorted_n2000_B100_classes3_seed2042__few_vars_many_perms_mixed__seed5286.out,Optimal solution found,1.000000000000e+03,0.0000%,6.37,5.82,0.00%,0,1
hardness_halfcap_sorted_n2000_B100_classes3_seed2042__few_vars_few_perms_linear_y__seed3574.out,Optimal solution found,1.000000000000e+03,0.0000%,7.54,6.22,0.00%,0,1
hardness_halfcap_sorted_n2000_B100_classes3_seed2042__few_vars_many_perms_pure_linear_only_y__seed2315.out,Optimal solution found,1.000000000000e+03,0.0000%,1350.97,706.15,33.0%,1052053,191
hardness_halfcap_sorted_n2000_B100_classes3_seed2042__few_vars_many_perms_mixed__seed9286.out,Optimal solution found,1.000000000000e+03,0.0000%,6.37,5.75,0.00%,0,1
hardness_halfcap_sorted_n2000_B100_classes3_seed2042__few_vars_few_perms_pure_linear_only_x__seed4573.out,Optimal solution found,1.000000000000e+03,0.0000%,274.57,144.44,33.3%,104087,1
hardness_halfcap_sorted_n2000_B100_classes3_seed2042__few_vars_few_perms_only_xs__seed9162.out,Optimal solution found,1.000000000000e+03,0.0000%,7.54,6.05,0.00%,0,1
hardness_halfcap_sorted_n2000_B100_classes3_seed2042__thousand_vars_few_perms_only_ys__seed2599.out,Optimal solution found,1.000000000000e+03,0.0000%,372.55,199.42,2.35%,120871,1
hardness_halfcap_sorted_n2000_B100_classes3_seed2042__few_vars_many_perms_linear_y__seed4732.out,Optimal solution found,1.000000000000e+03,0.0000%,108.94,63.06,0.11%,121969,1
hardness_halfcap_sorted_n2000_B100_classes3_seed2042__many_vars_few_perms_pure_linear_only_y__seed9701.out,Optimal solution found,1.000000000000e+03,0.0000%,332.85,154.88,30.6%,14409,1
hardness_halfcap_sorted_n2000_B100_classes3_seed2042__few_vars_few_perms_mixed__seed2823.out,Optimal solution found,1.000000000000e+03,0.0000%,6.59,5.99,0.00%,0,1
hardness_halfcap_sorted_n2000_B100_classes3_seed2042__few_vars_few_perms_separate__seed7748.out,Optimal solution found,1.000000000000e+03,0.0000%,7.64,6.18,0.00%,0,1
hardness_halfcap_sorted_n2000_B100_classes3_seed2042__few_vars_many_perms_mixed__seed6981.out,Optimal solution found,1.000000000000e+03,0.0000%,6.37,5.82,0.00%,0,1
hardness_halfcap_sorted_n2000_B100_classes3_seed2042__many_vars_few_perms_mixed__seed9495.out,Optimal solution found,1.000000000000e+03,0.0000%,7.90,6.54,0.00%,0,1
hardness_halfcap_sorted_n2000_B100_classes3_seed2042__few_vars_few_perms_linear_x__seed3816.out,Optimal solution found,1.000000000000e+03,0.0000%,6.38,5.96,0.00%,0,1
hardness_halfcap_sorted_n2000_B100_classes3_seed2042__few_vars_many_perms_only_ys__seed3018.out,Optimal solution found,1.000000000000e+03,0.0000%,6.38,5.85,0.00%,0,1
hardness_halfcap_sorted_n2000_B100_classes3_seed2042__few_vars_many_perms_mixed__seed7123.out,Optimal solution found,1.000000000000e+03,0.0000%,6.37,5.76,0.00%,0,1
